ID,DDT_R2,DDT_logK
DNS0001,97.5483501,-2.610576135
DNS0002,92.99824988,-2.186485084
DNS0003,94.47827232,-2.343290461
DNS0004,96.26035202,-2.935590955
DNS0005,98.21965043,-1.81313854
DNS0006,99.31328656,-1.661673007
DNS0007,81.16616125,-2.692654372
DNS0008,97.04022599,-2.378486414
DNS0009,90.37258209,-2.358905647
DNS0010,97.82751873,-2.369367404
DNS0011,93.05425627,-2.429038968
DNS0012,71.97792932,-3.53944706
DNS0013,98.45018915,-1.798998357
DNS0014,88.33346286,-2.172441249
DNS0015,79.18712993,-1.947185667
DNS0016,92.51006636,-1.942267606
DNS0017,88.95129617,-2.026542673
DNS0018,96.05550486,-1.801989972
DNS0019,98.19100555,-1.382794765
DNS0020,98.11617356,-2.621975708
DNS0021,75.09635615,-3.061637442
DNS0022,77.9266883,-3.35578617
DNS0023,63.84846432,-3.262183307
DNS0024,88.2905078,-2.396038801
DNS0026,77.92668829,-3.35578617
DNS0027,73.92495326,-3.395519484
DNS0028,98.04634867,-2.579263503
DNS0029,81.51945561,-3.571726476
DNS0030,89.09322689,-1.794145624
DNS0031,67.32326057,-3.152456295
DNS0032,97.71541751,-3.41050277
DNS0034,94.28444615,-1.738988249
DNS0035,94.72760089,-1.223072705
DNS0036,35.02193598,-3.619823736
DNS0037,92.01742856,-2.439551004
DNS0038,95.24083516,-2.673863181
DNS0039,95.40914642,-0.960808918
DNS0040,88.68566484,-2.568282363
DNS0042,78.43980256,-3.939139489
DNS0043,77.06690161,-3.049509626
DNS0044,94.34184559,-2.717297862
DNS0045,89.86878937,-0.417490534
DNS0046,79.4619239,-1.242573123
DNS0047,85.96055095,-2.355614042
DNS0048,93.64247322,-3.0434818
DNS0049,91.32738502,-2.428906842
DNS0050,50.60625975,-1.804139315
DNS0051,91.85548155,-1.412994536
DNS0052,71.75200269,-2.441344735
DNS0053,94.96792933,-1.559510667
DNS0054,62.49592084,-2.968440028
DNS0055,76.02041831,-0.798365504
DNS0056,98.20684987,-2.146985133
DNS0057,97.45318445,-1.831190985
DNS0058,78.35216403,-1.708584394
DNS0059,86.55570145,-2.596266005
DNS0060,98.36185963,-3.190546446
DNS0061,71.03473692,-2.824946366
DNS0062,93.32176975,-1.586122968
DNS0063,95.47040794,-2.012787403
DNS0064,97.57532919,-2.262346396
DNS0065,86.45559045,-4.097306787
DNS0066,98.75501413,-1.458284342
DNS0068,81.73305388,-2.117253591
DNS0069,99.69384706,-1.647449893
DNS0070,74.52397401,-2.607075159
DNS0071,92.63737607,-2.201476206
DNS0072,85.59561418,-2.930011238
DNS0073,94.52242054,-1.474271197
DNS0074,86.45559023,-4.097306793
DNS0075,92.56600203,-1.62032975
DNS0076,92.60556198,-3.135053203
DNS0077,98.69241233,-1.93173595
DNS0078,95.54936321,-1.70442349
DNS0080,82.53091002,-2.590318498
DNS0081,76.81077549,-3.400494915
DNS0082,95.59440135,-1.925147399
DNS0083,98.97890987,-3.393083419
DNS0084,90.73794419,-3.400303435
DNS0085,76.59987295,-3.313390736
DNS0086,88.01243231,-3.061973318
DNS0088,94.42663472,-1.881469731
DNS0089,90.02512851,-2.222143681
DNS0090,97.27049284,-2.321187333
DNS0091,84.29242335,-3.335618548
DNS0092,97.45462356,-1.662603482
DNS0094,94.09219049,-2.514851712
DNS0095,97.06765445,-2.076656945
DNS0096,84.83663007,-2.779208322
DNS0097,93.66574388,-1.684439072
DNS0098,96.09257508,-1.525213413
DNS0099,92.27722294,-2.688738869
DNS0100,84.58471719,-1.281551014
DNS0101,90.83958198,-1.150683437
DNS0102,82.94156074,-2.415768883
DNS0103,93.95646456,-2.126879449
DNS0104,97.68607648,-0.767974374
DNS0105,99.44262275,-1.858050341
DNS0106,95.26703897,-1.756885001
DNS0107,50,-4.729691798
DNS0110,98.07350297,-1.828979232
DNS0111,62.29150706,-3.282172519
DNS0113,92.16475525,-3.188330878
DNS0114,98.0652296,-2.675367908
DNS0116,95.5751863,-2.472690593
DNS0117,72.86756509,-4.033283349
DNS0118,81.31691524,-1.41102185
DNS0120,69.91721429,-2.498818499
DNS0122,91.64167126,-1.642832535
DNS0123,87.36201078,-2.552355745
DNS0125,95.77576802,-2.402928147
DNS0126,98.25263154,-2.159926997
DNS0127,89.65781356,-2.056002956
DNS0128,92.67111246,-3.54075907
DNS0130,61.32287694,-3.806092388
DNS0132,70.17363321,-1.773342899
DNS0133,75.30941679,-2.272708852
DNS0134,83.28811522,-3.722500254
DNS0135,92.55277675,-3.166993624
DNS0136,89.44916142,-0.367361455
DNS0142,55.70420515,-3.750022714
DNS0144,94.45854752,-2.4022815
DNS0145,88.94688065,-2.204474007
DNS0146,97.03463145,-3.42382458
DNS0147,50.36784698,-3.529642284
DNS0150,79.93345441,-2.747629984
DNS0151,90.8535527,-1.84307496
DNS0152,90.83790931,-2.544602232
DNS0153,91.80664531,-3.765103366
DNS0154,50.84467922,-4.001777312
DNS0155,91.97626373,-2.350297971
DNS0156,84.1047594,-3.188322802
DNS0157,87.06474755,-2.882937372
DNS0158,94.26460738,-2.314221893
DNS0160,80.87705094,-3.438073993
DNS0162,97.25912815,-2.546643296
DNS0163,75.8941521,-3.061375428
DNS0164,97.42282013,-2.205184156
DNS0166,66.68846816,-3.327332739
DNS0167,83.39338904,-2.889540519
DNS0168,98.74207359,-3.327723869
DNS0170,55.30139885,-4.005471678
DNS0171,98.27236323,-2.136253678
DNS0172,83.78883104,-2.74798113
DNS0173,97.5993477,-3.200328672
DNS0174,85.00115783,-2.799627244
DNS0175,59.65758485,-3.454620085
DNS0176,41.80848163,-4.607167046
DNS0177,84.67823076,-2.261094923
DNS0178,94.52302214,-1.404417744
DNS0180,97.55058752,-3.591447363
DNS0182,96.65561887,-1.687349718
DNS0183,75.20892724,-3.014974936
DNS0184,88.35553069,-1.726670812
DNS0185,58.21723198,-3.158841901
DNS0187,86.45559044,-4.097306787
DNS0188,86.0386048,-1.898656191
DNS0189,82.26058482,-1.502177163
DNS0191,94.65774736,-2.206951173
DNS0192,98.34578273,-1.977995103
DNS0194,98.34026673,-2.078286021
DNS0195,96.08637185,-1.759570979
DNS0196,48.76462457,-2.317021975
DNS0197,75.49360641,-0.622766991
DNS0198,49.42598481,-3.937411656
DNS0200,84.22080383,-2.980949259
DNS0201,97.50313187,-2.124362822
DNS0202,92.68420838,-3.057552026
DNS0203,44.60351802,0.200299935
DNS0205,50,-4.729691785
DNS0206,55.84493138,-3.583004195
DNS0207,91.09769309,-2.390875632
DNS0208,95.58225378,-1.387652065
DNS0210,95.71968941,-3.199311667
DNS0211,99.1796608,-1.62680396
DNS0212,99.12060297,-2.217226472
DNS0213,83.64563751,-1.943480974
DNS0214,80.96671552,-2.916855094
DNS0215,94.7351274,-2.265373547
DNS0216,92.72752239,-2.993397651
DNS0218,95.95855377,-2.622160592
DNS0219,79.96832241,-2.725570758
DNS0220,99.11290129,-2.024117446
DNS0221,83.98379101,-2.891829711
DNS0222,95.77421251,-2.27017917
DNS0223,72.16415027,-3.435818111
DNS0224,92.69098299,-3.315812126
DNS0225,90.60381114,-2.921324106
DNS0226,69.61575334,-1.945293105
DNS0227,99.00048539,-0.802332413
DNS0229,39.07784684,-4.635616156
DNS0230,78.67796599,-2.417813724
DNS0231,87.44192172,-2.724589911
DNS0233,94.11488295,-2.518956696
DNS0234,96.64047936,-1.823378161
DNS0235,90.03011763,-2.266754982
DNS0236,93.58452605,-1.837398895
DNS0237,98.37553778,-3.180978122
DNS0238,77.30741317,-3.84775549
DNS0240,47.70567999,-4.266481191
DNS0242,92.67006729,-1.454094082
DNS0243,80.85857863,-2.147494721
DNS0245,74.14019695,-3.577746759
DNS0246,95.341016,-3.782488921
DNS0247,61.32287695,-3.806092388
DNS0249,98.02708283,-3.383491629
DNS0250,43.78616235,-3.915115978
DNS0252,99.01735783,-2.351239859
DNS0253,81.94788893,-2.867142273
DNS0254,89.38127731,-1.947226131
DNS0255,66.04463375,-1.454094082
DNS0256,74.60247486,-2.496061954
DNS0257,98.09227967,-2.977695348
DNS0258,91.82808874,-3.145061565
DNS0259,95.68092281,-2.289916733
DNS0260,95.68912249,-1.715174789
DNS0261,55.90750532,-3.565922538
DNS0263,55.99358848,-3.957102498
DNS0264,90.55582042,-0.528490632
DNS0268,94.73948047,-2.270818573
DNS0270,66.83696755,-4.020168622
DNS0271,94.75066149,-1.975976259
DNS0272,96.30137949,-2.24910523
DNS0273,99.08023398,-1.980743122
DNS0274,98.69961644,-3.168611474
DNS0275,97.54894479,-2.758678902
DNS0276,96.87023981,-2.315286697
DNS0277,94.31397329,-2.216382936
DNS0278,68.32390485,-3.384890024
DNS0279,97.77823727,-2.357391867
DNS0280,45.52595652,-3.988547063
DNS0281,94.46573552,-1.935919234
DNS0283,95.45188667,-1.626225481
DNS0284,79.70452841,-2.851639801
DNS0285,81.56514836,-2.142895269
DNS0286,91.04776144,-2.557292332
DNS0287,96.0097789,-3.358441684
DNS0288,98.86403141,-1.978208448
DNS0289,98.96216093,-3.204529827
DNS0290,83.80571292,-1.309015535
DNS0291,96.28585045,-1.936145412
DNS0293,76.78938607,-1.923164869
DNS0294,95.09728517,-2.863011868
DNS0295,64.75599108,-2.733334898
DNS0296,86.889134,-3.357347572
DNS0297,50,-4.729691796
DNS0298,94.44163,-3.085389353
DNS0300,88.55022862,-2.706530647
DNS0301,62.7731185,-2.363729391
DNS0302,90.23136514,-1.228300685
DNS0303,99.0489284,-1.854318279
DNS0304,97.18349495,-0.903770176
DNS0305,50.98697396,-3.546880134
DNS0307,97.30883135,-1.991691517
DNS0308,98.65376513,-2.570778328
DNS0309,97.01194347,-2.164292414
DNS0310,96.94315035,-2.434811183
DNS0311,63.83551571,-3.356060312
DNS0312,99.3149537,-2.585850656
DNS0315,80.79048599,-2.621866859
DNS0316,95.24359737,-1.554773862
DNS0318,76.62635651,-3.433252955
DNS0319,80.42437807,-3.469263829
DNS0320,82.36771433,-3.213411055
DNS0323,93.08137377,-3.346781081
DNS0325,78.03439394,-2.561541239
DNS0326,70.81618899,-3.396662337
DNS0327,86.33845056,-2.515330877
DNS0329,98.89959827,-1.442482322
DNS0330,95.18592606,-1.745879906
DNS0331,97.86832186,-1.216139016
DNS0332,81.70800072,-3.225972529
DNS0333,57.63229616,-3.448392959
DNS0334,74.1770123,-2.626518186
DNS0336,96.50226859,-3.560873392
DNS0337,89.07955761,-2.711977456
DNS0338,96.30141987,-1.379795883
DNS0340,79.61342227,-2.23505183
DNS0342,83.27355763,-2.524900696
DNS0343,74.67235964,-3.439637065
DNS0344,97.50951216,-2.033253442
DNS0345,91.51408029,-1.398183334
DNS0346,97.79058097,-2.056559786
DNS0347,59.03789872,-3.400503908
DNS0348,94.1595312,-1.780035986
DNS0351,98.69500603,-2.149340927
DNS0352,94.55106174,-2.36213693
DNS0353,84.37830781,-2.417094226
DNS0354,65.42922867,-2.586269417
DNS0355,95.2699571,-1.962331272
DNS0357,96.32309857,-2.407993398
DNS0359,90.88064938,-2.678939679
DNS0361,91.00092684,-2.439569202
DNS0362,70.5578499,-2.790103519
DNS0363,93.7638604,-1.813019297
DNS0364,91.19756434,-1.880571234
DNS0365,39.4909551,-4.219309983
DNS0366,97.33571429,-1.782687618
DNS0367,62.31653286,-4.016454608
DNS0368,99.45226166,-1.957559974
DNS0369,95.24523524,-2.166139342
DNS0372,97.53792566,-1.67886882
DNS0373,94.26460737,-2.314221896
DNS0374,95.91731672,-3.131891503
DNS0375,89.65649406,-2.626026213
DNS0376,94.6087572,-1.003282829
DNS0377,91.09924576,-2.589088171
DNS0378,81.51945575,-3.571726472
DNS0379,57.99417999,-3.527611006
DNS0380,63.67421584,-3.81508722
DNS0381,59.90692654,-3.805198565
DNS0382,95.83929439,-1.814835124
DNS0383,90.33919647,-2.676202886
DNS0384,69.06456204,-3.294433003
DNS0385,93.30376106,-2.574701649
DNS0386,77.53212875,-3.704580863
DNS0387,69.44893327,-4.093412246
DNS0388,85.10062944,-1.46029237
DNS0389,92.99034518,-2.369627188
DNS0390,86.68299028,-1.883608089
DNS0391,88.93472033,-2.062801712
DNS0392,85.75436037,-3.165730721
DNS0393,92.9224161,-2.06715952
DNS0394,94.26958338,-2.05387037
DNS0395,98.10939825,-2.303911244
DNS0396,90.70678012,-1.491499778
DNS0397,92.50151127,-1.70189789
DNS0398,81.5512282,-2.551692533
DNS0399,94.11488293,-2.518956701
DNS0400,81.32892899,-2.841014996
DNS0401,90.23393115,-2.154870461
DNS0402,90.10775098,-2.283007269
DNS0404,50,-4.729691783
DNS0405,98.78834303,-1.782813927
DNS0406,54.50982233,-3.060456276
DNS0407,87.25838699,-3.009942122
DNS0408,82.74741066,-3.581325965
DNS0409,65.82939539,-4.063290161
DNS0410,94.55788589,-1.350955984
DNS0411,93.40939007,-1.31194939
DNS0412,97.00354942,-3.375056623
DNS0413,87.16220034,-1.497494809
DNS0415,96.8601814,-2.203166851
DNS0416,97.81504506,-0.683229433
DNS0419,66.8369677,-4.020168618
DNS0420,40.05350269,-4.555059782
DNS0422,93.58612903,-2.131257808
DNS0423,87.77456611,-3.146571003
DNS0424,92.92024569,-3.6319427
DNS0426,66.83696765,-4.020168619
DNS0428,99.44322453,-1.894137701
DNS0431,79.35398839,-3.178758691
DNS0432,93.55689964,-2.3150843
DNS0433,75.04352387,-2.651264886
DNS0435,82.76608584,-2.373119507
DNS0436,93.07333093,-2.31187444
DNS0437,77.39545973,-2.977768372
DNS0440,81.51945545,-3.571726481
DNS0441,92.2234199,-2.379845696
DNS0443,95.80751076,-2.570601942
DNS0444,58.89087075,-3.769419109
DNS0445,93.01500424,-1.860019864
DNS0446,90.88808982,-1.457620819
DNS0447,79.59528084,-2.707487847
DNS0448,97.76577565,-2.282593791
DNS0449,50,-4.729691812
DNS0450,81.46747827,-3.038474307
DNS0451,61.70209358,-3.601725016
DNS0452,97.05856273,-3.345465568
DNS0453,89.33811979,-2.496812068
DNS0454,76.84344215,-3.267993756
DNS0455,80.09318111,-1.518258059
DNS0456,98.215266,-2.273236468
DNS0457,99.02612063,-1.705590437
DNS0458,91.10919302,-2.045957024
DNS0459,94.56541159,-3.288340371
DNS0460,98.34305061,-3.464800075
DNS0462,90.48865333,-1.774797016
DNS0463,91.8093522,-3.052053413
DNS0464,97.13222156,-1.536213062
DNS0465,97.47866203,-1.808307191
DNS0466,95.17641398,-2.793531464
DNS0467,95.40775926,-2.284761586
DNS0469,90.60600041,-3.903031606
DNS0470,85.8446025,-2.968572288
DNS0471,96.47613975,-1.900631616
DNS0473,86.30971016,-1.745812409
DNS0475,32.0908212,-4.80309081
DNS0476,96.26843591,-2.401921667
DNS0477,97.81316366,-1.801490297
DNS0478,97.16130201,-2.239982481
DNS0479,69.38283416,-3.45494774
DNS0480,94.5086876,-2.403530074
DNS0481,62.22476251,-3.228061844
DNS0482,93.14202352,-2.355140252
DNS0484,87.66019276,-3.143713465
DNS0485,95.87598827,-2.277362977
DNS0486,84.49920128,-3.369302857
DNS0487,98.96216093,-3.204529827
DNS0488,96.50027142,-3.543882218
DNS0489,85.66718085,-3.507579543
DNS0490,96.73294781,-2.601129508
DNS0491,96.50191909,-1.995058474
DNS0492,90.19373926,-3.279371419
DNS0493,95.89483957,-2.102507158
DNS0494,87.0521818,-2.73385602
DNS0496,91.97541199,-2.163041027
DNS0497,89.94356727,-2.173303697
DNS0499,92.1733081,-2.318587159
DNS0500,97.83965129,-1.774005584
DNS0501,67.02738526,-3.834028449
DNS0502,91.08488508,-2.088958412
DNS0503,92.25498403,-1.677350444
DNS0504,35.53233657,-4.401410615
DNS0505,89.6782193,-1.421552568
DNS0507,95.04139349,-3.229668088
DNS0508,78.66016404,-2.32602819
DNS0510,62.38367802,-3.466506789
DNS0511,97.99602932,-2.277251636
DNS0512,97.97156094,-2.310746045
DNS0513,91.3939085,-1.681856673
DNS0514,88.77700377,-3.233769478
DNS0515,83.69081973,-3.021982551
DNS0516,91.18072414,-1.063422426
DNS0517,71.1829626,-2.211878408
DNS0518,80.54604335,-4.053152531
DNS0520,50,-4.729691786
DNS0521,99.67850246,-0.727462314
DNS0522,95.29116383,-2.165210491
DNS0523,86.05492973,-2.214398646
DNS0524,92.64314853,-2.449629576
DNS0525,92.44097973,-2.308067158
DNS0526,99.44101192,-2.298065471
DNS0527,79.02688882,-3.738465846
DNS0528,93.01899969,-1.751578922
DNS0529,97.50365506,-1.792452427
DNS0530,90.92576586,-2.210224791
DNS0531,74.64986045,-2.59192791
DNS0532,63.746403,-2.98278009
DNS0533,94.87223745,-2.772076668
DNS0534,93.58708135,-3.815595326
DNS0535,81.02820244,-2.884806306
DNS0536,74.10195259,-3.053272715
DNS0537,64.40644112,-2.47911832
DNS0538,98.48897094,-2.511850899
DNS0539,84.92361593,-2.405412545
DNS0540,77.0396464,-3.880882523
DNS0541,98.77308263,-0.755031217
DNS0542,71.58028924,-3.34990804
DNS0543,92.9656732,-2.225058118
DNS0544,87.668497,-3.075530295
DNS0545,88.91943106,-3.053134954
DNS0546,91.52744271,-0.641603016
DNS0547,93.48898123,-2.246545834
DNS0548,95.03060049,-2.138811234
DNS0549,91.677089,-3.655065245
DNS0550,91.85533792,-3.939911819
DNS0551,63.22417528,-2.43762448
DNS0552,98.62644479,-1.805862678
DNS0553,85.13611327,-3.605318233
DNS0554,98.87649566,-2.526930279
DNS0555,91.92697693,-1.973507333
DNS0556,50.50296696,-3.937290019
DNS0557,94.84421275,-3.206313317
DNS0558,96.41289953,-2.052264089
DNS0560,75.96387636,-2.774477444
DNS0562,95.30859717,-3.199239115
DNS0563,97.21809581,-2.038817114
DNS0564,94.31274383,-1.986333232
DNS0565,83.7705887,-2.364026887
DNS0566,99.12089816,-2.039181544
DNS0568,91.2706347,-2.073316901
DNS0569,87.80471406,-1.52900775
DNS0570,73.64901653,-3.838086684
DNS0571,97.1542656,-2.568360251
DNS0572,81.28619118,-1.36917194
DNS0573,91.14091529,-2.007269149
DNS0574,67.61698832,-3.819172552
DNS0575,98.95047232,-0.896594736
DNS0576,80.46961408,-2.511801335
DNS0577,98.40365571,-0.983689631
DNS0578,87.75342448,-2.907463744
DNS0580,78.49370831,-3.698482796
DNS0581,96.60439676,-2.424118735
DNS0582,93.83391272,-3.226165492
DNS0583,99.27074968,-2.551689494
DNS0584,99.20929212,-2.026382899
DNS0585,84.93396113,-2.193705668
DNS0586,94.04225799,-2.602308124
DNS0587,98.61964592,-1.686737721
DNS0588,69.91426653,-2.422754649
DNS0589,93.64711362,-2.464208811
DNS0590,98.10403821,-1.053412321
DNS0591,97.27986596,-1.600184562
DNS0592,98.97890987,-3.393083419
DNS0593,97.20778573,-3.680512696
DNS0594,95.96211128,-1.021863452
DNS0595,93.7876797,-2.599830287
DNS0596,41.76231454,-3.681898018
DNS0597,.,.
DNS0598,85.08000555,-2.023553436
DNS0599,96.63166716,-1.030088039
DNS0600,.,.
DNS0601,99.39440258,-1.808106978
DNS0602,50,-4.729691798
DNS0603,89.50805519,-2.618759611
DNS0604,57.85282928,-3.58669046
DNS0605,84.08958831,-2.916057953
DNS0606,78.64717973,-3.874492547
DNS0607,88.68273734,-2.639441634
DNS0608,93.46053196,-1.441513475
DNS0609,93.08137376,-3.346781082
DNS0610,81.70222541,-2.348875914
DNS0611,85.22786399,-3.213735121
DNS0612,75.02326733,-0.561185147
DNS0614,95.04532998,-2.94944324
DNS0616,95.38785439,-1.644232436
DNS0617,79.05412274,-2.838360941
DNS0619,92.42473071,-1.632984475
DNS0620,35.03720616,-4.730074801
DNS0621,95.3177207,-2.283009719
DNS0622,98.66275557,-1.959647206
DNS0623,.,.
DNS0624,95.34385898,-2.792044458
DNS0625,83.77749566,-2.956009152
DNS0626,59.69328537,-3.460325184
DNS0627,73.24882368,-2.790327925
DNS0628,91.71629049,-2.351959018
DNS0629,97.88947571,-2.597247095
DNS0630,94.6568686,-1.721411632
DNS0631,92.04376832,-1.710708279
DNS0632,94.7737976,-0.845251753
DNS0633,82.37713269,-2.344814387
DNS0634,80.21881671,-3.277501402
DNS0635,50,-4.729691785
DNS0636,88.59402456,-1.916581995
DNS0637,37.05430551,-3.831319541
DNS0638,74.70151788,-3.14203921
DNS0639,81.11076776,-2.712454933
DNS0640,83.3738529,-1.734976832
DNS0641,96.27616806,-0.988162853
DNS0642,95.26408163,-1.611355359
DNS0643,97.28107877,-2.162866233
DNS0644,92.41666721,-2.369014093
DNS0645,95.23760958,-1.463091869
DNS0646,33.91317911,.
DNS0647,92.53604519,-1.473737275
DNS0648,92.08909928,-2.050020179
DNS0649,97.25425066,-1.50031087
DNS0651,99.2281607,-2.186500986
DNS0652,66.8709073,-3.495803803
DNS0653,96.02136088,-1.830076601
DNS0654,89.01800205,-2.665320311
DNS0655,99.09800059,-2.569592453
DNS0656,92.58615496,-2.156357666
DNS0658,90.46561652,-1.803532771
DNS0659,97.48508213,-1.378444129
DNS0660,95.34101595,-3.782488925
DNS0661,94.98864462,-3.126814075
DNS0662,83.84259303,-3.230961712
DNS0663,92.77827166,-3.671884756
DNS0665,84.01641668,-2.514935821
DNS0666,85.22252244,-2.981875197
DNS0667,95.06711953,-2.311709913
DNS0668,95.0565905,-2.064897726
DNS0669,95.89306811,-2.191584203
DNS0670,68.38605452,-3.691217286
DNS0671,86.41257103,-2.552481561
DNS0672,92.22686095,-2.683396408
DNS0673,79.38764307,-2.586990574
DNS0674,94.72769314,-1.934540826
DNS0675,49.44917167,-3.256480556
DNS0676,97.15134356,-1.999455959
DNS0677,90.32051243,-2.477119437
DNS0678,86.37297277,-2.880770882
DNS0679,89.4341813,-2.400045367
DNS0681,90.33415446,-2.466121499
DNS0682,80.63666875,-2.625773553
DNS0683,94.77690355,-2.110359674
DNS0684,93.29860736,-0.876611704
DNS0686,99.20699299,-2.564090312
DNS0687,98.7971839,-1.528485288
DNS0688,91.24379951,-2.294497601
DNS0689,97.34954695,-1.791509671
DNS0690,97.05579592,-1.382147983
DNS0691,95.75916338,-2.396141124
DNS0692,97.30349239,-2.215330075
DNS0693,83.51718047,-3.504244805
DNS0694,61.57006378,-2.743981316
DNS0695,50,-4.729691784
DNS0696,96.39011917,-2.557861793
DNS0697,93.09823249,-1.293231974
DNS0698,77.50628031,-3.149909546
DNS0700,92.09273391,-1.400670999
DNS0701,95.82139781,-2.019668869
DNS0702,94.66117898,-1.963454805
DNS0703,95.84520181,-2.963927483
DNS0704,89.88584678,-2.554709033
DNS0705,92.01074609,-2.832243372
DNS0706,95.09250433,-2.631658923
DNS0707,73.95602233,-2.472503743
DNS0708,88.68479601,-3.749263876
DNS0709,99.0412445,-1.403910182
DNS0710,81.49163265,-2.127273909
DNS0711,61.21309925,-3.978247726
DNS0712,92.99530559,-2.433943384
DNS0713,87.82874438,-2.384390393
DNS0714,93.77080172,-2.758170881
DNS0715,95.63094022,-2.845447067
DNS0717,49.17904294,-3.222913279
DNS0718,89.1051199,-2.692887865
DNS0719,80.81464292,-2.494817265
DNS0720,90.60124839,-2.228564641
DNS0721,96.22958733,-2.319062171
DNS0722,92.11190207,-2.97943698
DNS0723,88.50158565,-1.954101725
DNS0724,33.46068035,-3.726152707
DNS0726,74.61421477,-2.440898582
DNS0727,85.45070888,-0.997123845
DNS0728,91.66262602,-2.624172123
DNS0729,24.91688546,-4.173918179
DNS0730,98.04766074,-1.384940028
DNS0731,94.50999954,-1.285179007
DNS0732,47.75617645,-3.962756857
DNS0733,93.21307892,-2.64442449
DNS0734,96.71980682,-1.534001157
DNS0735,72.31013924,-2.931748258
DNS0736,95.99696489,-0.77225759
DNS0737,97.51035175,-1.873817104
DNS0739,75.13398761,-2.104145544
DNS0740,81.121477,-2.070708154
DNS0741,93.58708138,-3.815595325
DNS0742,79.0453132,-1.867269955
DNS0743,93.26564322,-2.600653585
DNS0744,75.84414366,-2.035532873
DNS0745,91.16738855,-3.120391127
DNS0746,92.15859172,-2.97193545
DNS0747,74.7125257,-3.701389156
DNS0748,55.11833894,-3.953472841
DNS0749,85.06466123,-1.48741307
DNS0750,92.31769729,-2.703937856
DNS0752,75.57249684,-3.321603193
DNS0753,80.22429314,-2.6064808
DNS0754,94.19687407,-3.327418111
DNS0755,91.07358475,-0.961755909
DNS0756,97.16231136,-2.643037991
DNS0757,78.82891977,-2.852080131
DNS0758,97.56899444,-1.602420117
DNS0759,85.76004723,-2.875426973
DNS0760,89.14430795,-1.519093765
DNS0761,90.62151552,-2.748839577
DNS0762,69.88013978,-3.663446257
DNS0763,81.27124636,-2.175961786
DNS0764,94.87624957,-2.293449399
DNS0765,27.47580055,-4.441374809
DNS0766,96.01112219,-2.270429874
DNS0767,74.02057612,-2.8382044
DNS0768,76.98874284,-3.234947004
DNS0770,82.15055091,-3.445084926
DNS0771,67.16228514,-2.521556376
DNS0772,85.83572958,-3.480236154
DNS0773,92.68225129,-3.101094337
DNS0774,64.84781918,-3.687979713
DNS0775,84.00916926,-2.403889511
DNS0776,97.0820366,-2.206245125
DNS0777,90.80877945,-3.040608705
DNS0778,93.40639629,-2.316585374
DNS0779,98.73564339,-0.899557213
DNS0780,91.85533791,-3.939911819
DNS0781,99.2029303,-1.895531942
DNS0783,87.24496097,-2.766135634
DNS0784,93.80613997,-3.649028245
DNS0785,97.60443876,-2.482273666
DNS0786,91.88389292,-3.011472826
DNS0787,92.87911751,-1.691341763
DNS0788,71.73705153,-3.0280335
DNS0789,88.09965519,-3.032523007
DNS0790,84.63137052,-3.038108337
DNS0792,88.51180428,-1.102068362
DNS0793,50,-4.729691798
DNS0794,89.82974548,-2.677751798
DNS0795,90.89801016,-0.775892415
DNS0796,89.19500327,-1.354928036
DNS0797,86.54515645,-2.387791151
DNS0798,62.67804243,-1.904213065
DNS0800,86.91706463,-2.345308716
DNS0802,70.06440886,-3.69197805
DNS0803,98.19437547,-2.180227599
DNS0804,93.41721339,-3.411535469
DNS0805,93.09009832,-0.934160311
DNS0806,89.58856883,-1.646310164
DNS0807,75.74470367,-2.93669218
DNS0808,95.34564526,-1.915892059
DNS0809,90.60599986,-3.903031628
DNS0810,69.74096266,-3.502942787
DNS0811,88.3834177,-1.168119161
DNS0812,93.87919019,-1.707170801
DNS0813,89.51752268,-1.788417091
DNS0815,70.80194672,-3.380131049
DNS0816,91.85533781,-3.939911823
DNS0818,90.49047402,-2.159025633
DNS0819,72.71326309,-2.241296783
DNS0820,91.21060587,-2.257851011
DNS0821,96.88835428,-0.808898921
DNS0822,99.27188655,-1.246246903
DNS0823,70.06440893,-3.691978048
DNS0824,97.31003156,-1.126236977
DNS0825,88.60916274,-2.100144302
DNS0826,56.11217586,-3.270956832
DNS0827,93.49381534,-1.521328568
DNS0828,90.29049154,-1.188373688
DNS0829,95.98545736,-2.249724095
DNS0830,90.73533098,-3.469335765
DNS0831,97.47734232,-0.884010506
DNS0832,86.45559123,-4.097306764
DNS0833,52.56355682,-2.660236108
DNS0834,99.4633823,-0.473673392
DNS0835,98.03362801,-3.26492644
DNS0836,48.2181944,-4.175041795
DNS0837,99.16498607,-0.83067179
DNS0838,96.94675359,-1.700083708
DNS0839,96.88778214,-1.916424515
DNS0840,79.0268885,-3.738465855
DNS0841,94.35900715,-1.927451204
DNS0842,91.28487083,-1.743608408
DNS0843,67.61698811,-3.819172557
DNS0844,92.25793419,-2.083704167
DNS0845,47.43254371,-0.069787246
DNS0846,90.18517615,-1.074238496
DNS0847,90.60599975,-3.903031633
DNS0848,50,1.517466444
DNS0849,56.48058405,-3.995018491
DNS0850,54.784292,-2.470055447
DNS0851,.,.
DNS0852,89.40740335,-2.141258184
DNS0853,92.35693924,-3.018141484
DNS0854,98.89376507,-2.442999122
DNS0855,67.98028554,-2.302419024
DNS0856,97.07708023,-1.518884079
DNS0857,92.70347238,-1.088570175
DNS0858,74.03486936,-3.557774807
DNS0859,94.73794331,-2.369022871
DNS0860,87.44256046,-1.954291184
DNS0861,78.24483758,-2.823267607
DNS0862,97.15078141,-2.182052476
DNS0863,79.77677331,-2.880641043
DNS0864,97.39832116,-2.043266616
DNS0865,72.83925098,-0.748239087
DNS0867,94.316064,-1.483303912
DNS0868,90.25240226,-3.055854146
DNS0869,62.46839227,-1.30790701
DNS0870,69.52037474,-1.648540666
DNS0871,92.69098301,-3.315812125
DNS0872,78.34726331,-2.349101062
DNS0873,93.06340702,-1.772895035
DNS0874,81.05419035,-1.307641394
DNS0875,98.2371664,-2.063491823
DNS0876,95.65400807,-2.622994515
DNS0877,89.06536298,-2.976219936
DNS0878,95.20916512,-3.090979987
DNS0879,70.75127654,-3.554352685
DNS0880,49.87044709,-3.93911217
DNS0881,82.96823691,-3.146986559
DNS0882,96.50027142,-3.543882217
DNS0883,79.79613001,-1.758689035
DNS0884,89.30955647,-1.513725775
DNS0885,98.5539352,-1.691182274
DNS0886,88.89514093,-0.313177172
DNS0887,97.55058751,-3.591447364
DNS0888,99.27347221,-2.283143058
DNS0889,54.75090173,-3.45381543
DNS0892,72.10659068,-3.107345378
DNS0893,76.8855079,-3.148398319
DNS0894,76.14274072,-3.020075165
DNS0895,89.36706286,-1.037796385
DNS0896,92.28219669,-2.640091389
DNS0898,96.99609216,-1.666528252
DNS0899,87.16625816,-1.916416893
DNS0900,98.35971281,-2.348362824
DNS0903,76.58065498,-2.123729174
DNS0904,72.38419052,-3.52310233
DNS0905,92.67107094,-1.359093157
DNS0906,95.86242297,-1.887906105
DNS0907,93.90211957,-2.224610568
DNS0908,98.7702306,-1.28283226
DNS0909,93.58708136,-3.815595326
DNS0910,95.00671424,-2.02065948
DNS0911,93.60389602,-2.659463563
DNS0912,83.29917644,-2.397492158
DNS0914,91.48671216,-2.309458903
DNS0916,38.54450304,-2.429135193
DNS0917,89.35764931,-2.136136353
DNS0919,95.51284676,-1.889175431
DNS0920,97.64528837,-2.094813075
DNS0921,49.87044678,-3.939112192
DNS0922,93.26201355,-1.267112381
DNS0924,92.69984617,-1.407578854
DNS0925,92.9698653,-2.893427303
DNS0926,77.29443666,-3.197845956
DNS0927,93.58708138,-3.815595325
DNS0928,97.39707154,-0.980541531
DNS0929,50,-4.729691795
DNS0930,93.58708138,-3.815595325
DNS0931,97.31733641,-2.419508074
DNS0932,85.86450281,-2.185430726
DNS0933,77.9110783,-3.136227719
DNS0934,73.69086562,-3.259328868
DNS0935,97.84732592,-1.488925154
DNS0936,94.0459073,-2.461766336
DNS0938,96.06183902,-2.037761898
DNS0939,75.11260969,-2.813644888
DNS0940,95.56775072,-1.536743676
DNS0941,70.06440931,-3.691978037
DNS0942,96.45034738,-1.05723134
DNS0943,84.49537788,-2.48335501
DNS0944,93.58708138,-3.815595325
DNS0945,80.25476484,-3.288725662
DNS0946,97.79563596,-1.023929625
DNS0947,58.84976107,-3.974600863
DNS0948,95.75726908,-2.933065874
DNS0949,98.31363119,-1.937006814
DNS0951,77.73421856,-2.989978314
DNS0952,97.38640018,-1.348068059
DNS0953,95.2201697,-2.28590542
DNS0954,94.64098845,-3.058608138
DNS0955,92.85856828,-3.35485774
DNS0956,88.59930454,-1.636327618
DNS0957,50,-4.729691806
DNS0958,85.75436039,-3.16573072
DNS0959,95.83742815,-3.286091866
DNS0960,97.04555259,-3.182995558
DNS0961,92.60527309,-1.789298632
DNS0962,32.47501601,-3.994319794
DNS0964,35.19855946,-4.382050501
DNS0965,93.80613982,-3.649028254
DNS0966,94.95411463,-1.012260899
DNS0967,95.99326258,-2.391450144
DNS0968,95.84426941,-2.043774679
DNS0969,98.23649008,-1.561977814
DNS0970,75.18787871,-3.116112725
DNS0971,77.55868826,-3.592731488
DNS0972,94.35506102,-2.818677973
DNS0973,54.00289531,-3.358849525
DNS0974,66.26072191,-3.328969413
DNS0975,72.74019258,-4.319311515
DNS0977,98.97890987,-3.39308342
DNS0978,96.2026733,-2.810750266
DNS0979,60.63237258,-3.350221307
DNS0980,85.1126376,-2.924314721
DNS0981,93.61925502,-2.186283708
DNS0982,90.12472788,-2.412484142
DNS0983,99.4563586,-2.157979541
DNS0984,56.26841646,-3.13096431
DNS0985,91.19838477,-2.414556818
DNS0986,95.13551559,-2.403999888
DNS0988,88.09561088,-2.713805547
DNS0989,95.86361881,-3.178538727
DNS0990,98.96216093,-3.204529825
DNS0991,92.06660344,-3.099895271
DNS0992,98.50423175,-2.41261482
DNS0994,84.68244049,-3.146758846
DNS0995,90.31950042,-1.80102159
DNS0996,96.06353365,-1.899215591
DNS0997,81.69965608,-2.799875351
DNS0998,98.3006455,-2.090818713
DNS0999,91.975412,-2.163041024
DNS1000,89.18282666,-2.149797354
DNS1001,96.99345489,-2.433000078
DNS1002,53.52687291,-3.625103011
DNS1003,93.85249431,-1.485708214
DNS1004,83.43324794,-2.100459611
DNS1005,94.00562836,-2.975097377
DNS1006,87.14581649,-2.04386171
DNS1007,86.45559043,-4.097306788
DNS1008,93.08883043,-3.320284268
DNS1010,91.20419637,-2.317068055
DNS1011,73.15443733,-2.378837015
DNS1012,91.67708898,-3.655065246
DNS1013,94.97541594,-1.633997107
DNS1014,84.13827584,-3.170223886
DNS1015,94.75888339,-1.701936145
DNS1016,55.98551706,-1.590205889
DNS1017,95.08292777,-0.854624366
DNS1018,95.94641488,-1.581030341
DNS1019,87.06635589,-3.03229122
DNS1020,96.2299583,-1.672818252
DNS1021,95.37883731,-1.664234957
DNS1022,75.57864384,-3.12052838
DNS1023,72.95577198,-4.031219409
DNS1024,50.41144927,-3.731334177
DNS1025,91.0074354,-2.107206631
DNS1026,97.29868808,-2.163198814
DNS1027,58.61640716,-1.097149578
DNS1029,61.40258771,-1.913921061
DNS1030,71.45052772,-3.500955168
DNS1031,92.22410913,-2.737948259
DNS1032,67.39017999,-3.58781812
DNS1033,58.49480662,-3.648744482
DNS1035,91.11272504,-1.830759476
DNS1036,91.91286409,-3.007331615
DNS1037,62.85352842,-2.608884778
DNS1039,75.41954723,-3.059429475
DNS1041,87.91610318,-2.964850898
DNS1042,61.27402911,-3.440486719
DNS1043,95.47311755,-3.66383151
DNS1044,68.17142787,-3.134307837
DNS1045,95.29083581,-2.732730465
DNS1046,94.64926292,-2.980329138
DNS1048,74.71252567,-3.701389157
DNS1049,75.80938211,-1.967477427
DNS1050,99.19567803,-2.537003491
DNS1051,93.43291273,-3.106550793
DNS1052,90.37501645,-2.370341267
DNS1053,93.81979219,-2.855173993
DNS1054,92.69098298,-3.315812127
DNS1055,83.11117823,-3.464562634
DNS1056,90.49894835,-1.498739072
DNS1057,87.17506509,-3.084971261
DNS1058,79.41076654,-3.116524081
DNS1060,98.1027757,-2.32805014
DNS1061,98.17890424,-3.276013611
DNS1062,92.79671806,-2.201000563
DNS1063,95.77586835,-1.676264307
DNS1064,80.20890121,-3.428475505
DNS1065,96.5182863,-2.287360971
DNS1066,77.53212814,-3.704580879
DNS1067,60.3565591,-3.349895557
DNS1068,92.57871943,-2.077188335
DNS1069,93.49916731,-2.153170482
DNS1070,84.93384208,-2.982811095
DNS1071,90.08423388,-2.073067565
DNS1072,91.84601401,-2.616145391
DNS1073,69.03830864,-1.06241725
DNS1074,93.35299837,-1.97447109
DNS1075,62.25320897,-1.602763176
DNS1076,95.59557096,-2.624175859
DNS1077,82.92645204,-1.810225002
DNS1078,98.007536,-1.702503703
DNS1079,91.26238647,-1.88048997
DNS1080,97.36578888,-2.49726353
DNS1081,82.99557229,-2.224875157
DNS1082,93.28030217,-2.456020429
DNS1083,98.76257556,-1.855548368
DNS1084,92.09576928,-2.020636321
DNS1086,98.23886431,-2.057465118
DNS1087,75.02725278,-3.106348698
DNS1088,92.6645658,-0.755690171
DNS1089,79.21211917,-3.719358042
DNS1091,93.58570169,-1.889322535
DNS1092,95.16568182,-2.206458681
DNS1093,98.22794226,-2.077708139
DNS1094,93.55972747,-2.028463129
DNS1095,93.83515463,-1.968450787
DNS1096,50,-4.209411294
DNS1097,89.96668254,-1.965651571
DNS1098,95.64324445,-1.6725161
DNS1099,92.7280421,-2.434129194
DNS1100,89.57641123,-2.738846889
DNS1102,77.9542342,-3.049197494
DNS1103,76.07081895,-2.745801496
DNS1104,96.57267067,-1.880637837
DNS1105,90.27346708,-2.886150694
DNS1106,69.86092394,-1.877966281
DNS1107,95.60353066,-2.481513613
DNS1109,83.90272606,-1.717390573
DNS1110,84.71530655,-3.061860097
DNS1111,53.45694256,-3.970956564
DNS1112,58.84976019,-3.974600894
DNS1113,86.35233652,-2.423989667
DNS1114,93.12780193,-3.105224643
DNS1115,96.6040272,-2.766789561
DNS1116,96.20618126,-1.893607094
DNS1118,82.60061989,-3.325891432
DNS1119,50,-4.729691796
DNS1120,57.50297252,-3.482109937
DNS1121,89.64843751,-1.842961289
DNS1123,92.23707655,-2.909444991
DNS1124,85.64248631,-3.014261463
DNS1125,70.86746302,-3.500674913
DNS1126,86.72368616,-3.756085956
DNS1127,96.72450057,-1.606111887
DNS1128,0,0
DNS1130,72.74019279,-4.31931151
DNS1131,78.44078303,-2.719751252
DNS1132,98.01613904,-2.484887459
DNS1133,94.13416416,-1.694947621
DNS1134,86.38015229,-2.777414075
DNS1135,90.24612605,-1.919126074
DNS1136,35.85086494,-4.505006903
DNS1137,96.72905848,-2.884589524
DNS1138,79.53040265,-2.36298459
DNS1139,80.54604186,-4.053152568
DNS1140,98.46995188,-2.599720815
DNS1141,50.75189304,-2.281469106
DNS1142,80.3561412,-2.776634204
DNS1143,73.42574926,-1.70542774
DNS1144,88.14159773,-1.298495044
DNS1145,96.06986414,-1.745106438
DNS1146,87.19786177,-0.971954749
DNS1147,71.3202413,-4.085765877
DNS1148,73.57586759,-3.138247484
DNS1149,96.21323639,-1.685015321
DNS1150,98.29767387,-1.661788792
DNS1151,87.30973759,-1.835466746
DNS1153,78.78041585,-3.71575489
DNS1154,98.41892644,-1.399826051
DNS1155,89.85393351,-2.28835096
DNS1157,92.8165641,-2.141120237
DNS1158,94.56676839,-1.476952055
DNS1159,95.71344713,-2.738414027
DNS1160,77.55868819,-3.59273149
DNS1161,82.12910481,-2.614590402
DNS1162,93.74336332,-3.711533681
DNS1163,95.99935523,-3.234697611
DNS1165,95.1194654,-2.36366707
DNS1166,90.63675867,-2.491120647
DNS1168,99.02812353,-0.694646194
DNS1169,98.42736656,-1.960679386
DNS1170,91.94721895,-2.932022874
DNS1171,88.70582211,-1.96067462
DNS1172,96.87397664,-3.156935745
DNS1173,85.13611329,-3.605318232
DNS1174,84.11059819,-2.296840222
DNS1175,88.05667556,-2.041800732
DNS1176,93.15419734,-2.590459698
DNS1177,91.1452763,-2.308774614
DNS1178,94.52841774,-2.274673626
DNS1179,77.17071816,-3.097456587
DNS1180,97.63763784,-1.26777885
DNS1181,86.68654275,-2.869629289
DNS1182,33.11114539,-3.547022185
DNS1183,79.21261928,-2.289939596
DNS1184,99.27460028,-1.440683665
DNS1185,94.32995028,-2.178624209
DNS1187,71.13652157,-0.53956859
DNS1188,93.02525638,-2.448289998
DNS1189,85.20882399,-2.402580734
DNS1190,86.31603541,-2.625921035
DNS1192,91.94255766,-2.295835931
DNS1194,85.13611359,-3.605318222
DNS1195,51.65847404,-3.363308707
DNS1196,95.1127721,-1.640344005
DNS1197,62.69615293,-2.450259748
DNS1198,80.42137938,-3.327032558
DNS1199,86.45559036,-4.09730679
DNS1200,89.51230684,-2.60646242
DNS1202,90.44951378,-2.538567506
DNS1203,97.29362673,-1.838910217
DNS1204,96.87354128,-1.768064185
DNS1205,50,-4.730279752
DNS1206,59.23830558,-1.651162791
DNS1207,93.53089312,-2.137803085
DNS1208,91.89239922,-1.877154079
DNS1209,50,-4.209411307
DNS1210,92.17251261,-1.938046402
DNS1211,77.33627941,-3.449548065
DNS1212,35.88580484,-3.910896741
DNS1213,98.64554548,-2.723124983
DNS1214,94.30600861,-1.291592497
DNS1215,92.57098621,-3.483650799
DNS1216,78.90397248,-3.203299062
DNS1219,87.80937784,-2.738681827
DNS1220,92.54941036,-1.618085221
DNS1221,86.26215733,-0.266364297
DNS1222,95.47304214,-1.787210865
DNS1223,96.76750644,-2.22758486
DNS1226,97.89521784,-1.858671866
DNS1227,87.33963632,-2.055857932
DNS1229,50,-4.729691799
DNS1230,96.21414636,-1.19904767
DNS1231,63.65672397,-3.42056775
DNS1232,93.54400081,-2.25142659
DNS1233,91.37450797,-1.313871635
DNS1235,96.74898244,-3.123183972
DNS1236,73.94220467,-2.213058554
DNS1237,91.05115764,-2.918232967
DNS1238,89.32526627,-2.339836911
DNS1239,82.09065846,-2.111255768
DNS1240,96.32057032,-1.11444796
DNS1241,91.88389292,-3.011472826
DNS1243,50,-4.729691795
DNS1244,91.85533791,-3.939911819
DNS1245,87.10670818,-2.272129954
DNS1246,98.60877542,-2.464371858
DNS1248,78.97236931,-2.410710251
DNS1249,92.45755574,-2.518801382
DNS1250,93.57027641,-2.266755666
DNS1251,60.3501751,-2.824016219
DNS1252,95.94722267,-1.899097988
DNS1253,85.78960453,-2.876887892
DNS1254,94.79920133,-2.260550579
DNS1255,48.93680696,-3.987455934
DNS1256,98.07612338,-1.877418332
DNS1257,60.92632765,-3.353505164
DNS1258,78.63358159,-3.022443034
DNS1260,62.66130632,-4.258552632
DNS1261,70.71122594,-2.699010214
DNS1262,91.21384599,-2.536978644
DNS1263,95.68878962,-1.671730887
DNS1264,50,-4.729691777
DNS1265,50,-4.729691777
DNS1266,97.02186197,-1.70325476
DNS1267,96.28542858,-2.420084131
DNS1269,79.63630302,-2.415902121
DNS1270,95.89948479,-2.509039235
DNS1271,90.90241617,-2.256607553
DNS1272,65.99936758,-3.270952357
DNS1273,52.00325358,-3.551751938
DNS1274,87.96322706,-2.286318023
DNS1275,94.93386487,-1.5257801
DNS1276,78.26195436,-2.028965367
DNS1277,78.64717968,-3.874492549
DNS1278,91.51715253,-1.691939417
DNS1279,92.18230854,-2.00983786
DNS1280,95.47311754,-3.663831511
DNS1281,98.11423302,-2.51159866
DNS1282,98.08242179,-2.59138465
DNS1283,86.54528697,-2.551331442
DNS1285,72.95577241,-4.031219399
DNS1286,93.39743668,-1.798943815
DNS1287,90.89927955,-3.53160657
DNS1288,99.27003409,-2.486093064
DNS1289,77.30741404,-3.84775547
DNS1290,97.41969293,-2.242535172
DNS1291,44.34511282,-3.577393209
DNS1293,99.49106578,-1.48748957
DNS1294,99.21317822,-2.293934827
DNS1295,98.98645868,-2.293084945
DNS1296,77.27459866,-3.13465656
DNS1297,99.49648482,-2.280407606
DNS1298,95.05449763,-1.462994741
DNS1299,92.56851733,-1.96784568
DNS1300,97.58531997,-2.085127931
DNS1301,50,-4.729691848
DNS1302,97.49897228,-2.576800052
DNS1303,94.28065574,-2.616665909
DNS1304,68.24213398,-3.535073409
DNS1305,73.66257769,-2.856372286
DNS1306,94.62347491,-1.809869985
DNS1307,86.58870108,-1.39141764
DNS1308,40.75926257,-4.292969735
DNS1309,92.05192487,-1.934299383
DNS1310,94.1298089,-1.727416053
DNS1311,99.24300278,-1.628187803
DNS1312,89.69175287,-3.46900076
DNS1314,73.42587035,-1.426955956
DNS1315,97.89449965,-2.782585219
DNS1316,97.89666544,-2.405510483
DNS1317,67.04316874,-4.324704599
DNS1318,92.14132674,-2.494129831
DNS1319,82.35065658,-3.122554077
DNS1320,98.49212664,-2.169297083
DNS1321,89.8605618,-3.418233834
DNS1322,89.38771038,-1.326579585
DNS1323,73.0156204,-3.67013285
DNS1324,95.19752534,-1.723703851
DNS1325,96.84323537,-2.726774062
DNS1326,98.60824137,-2.003597204
DNS1327,77.03375044,-2.735149919
DNS1328,93.58061595,-1.459233079
DNS1329,86.45559046,-4.097306787
DNS1330,98.98703953,-1.580778756
DNS1331,95.14622212,-0.77814357
DNS1332,97.80745467,-1.910833121
DNS1333,64.79516803,-3.343623833
DNS1334,52.12103421,-3.942737177
DNS1335,92.53670883,-2.502745017
DNS1336,85.66718089,-3.507579541
DNS1337,96.59741683,-1.70886729
DNS1338,91.65141966,-2.229874267
DNS1339,64.76530259,-3.62488351
DNS1340,50,-4.729691785
DNS1341,65.20908235,-2.388341051
DNS1342,70.35196001,-3.61427684
DNS1343,97.64130032,-2.349723578
DNS1345,84.82473701,-3.884152204
DNS1347,87.3060943,-3.344362599
DNS1348,96.91114032,-1.799217219
DNS1349,90.86806307,-2.54173919
DNS1350,95.90099773,-2.907714559
DNS1352,97.27427505,-2.084731546
DNS1353,96.84922725,-2.696580698
DNS1354,88.78180581,-1.381103152
DNS1355,64.11014123,-3.638189498
DNS1356,92.57686457,-2.303426916
DNS1358,95.24683927,-1.642758081
DNS1359,93.87026087,-1.577339413
DNS1360,93.30668007,-2.29162589
DNS1361,93.22652251,-2.829807515
DNS1362,96.99355159,-1.306327117
DNS1363,89.42514637,-2.667335545
DNS1364,97.10405464,-3.575018911
DNS1365,95.52730483,-2.145793062
DNS1366,98.77312543,-2.3440867
DNS1367,.,.
DNS1369,98.69961644,-3.168611475
DNS1370,90.23436635,-2.393898966
DNS1371,76.88550777,-3.148398325
DNS1372,83.28811456,-3.722500274
DNS1373,73.63878874,-3.591853854
DNS1374,98.51638019,-1.870440359
DNS1375,92.829845,-2.684164371
DNS1376,74.98072881,-3.039204275
DNS1377,98.42647816,-2.25169943
DNS1378,83.95557847,-2.252882214
DNS1379,79.32107022,-2.597642046
DNS1380,65.00983431,-1.591681325
DNS1381,99.67879419,-2.561184809
DNS1382,98.22676754,-2.0763657
DNS1384,96.79684397,-2.274085296
DNS1385,72.74019162,-4.31931154
DNS1386,84.11059815,-2.296840226
DNS1387,52.12103424,-3.942737175
DNS1388,98.13448617,-2.329681189
DNS1389,98.15795993,-1.866211212
DNS1390,99.25343918,-1.435734551
DNS1391,96.25131771,-1.650701868
DNS1392,88.4562935,-1.775349983
DNS1393,95.67730595,-2.704075692
DNS1394,85.59705249,-3.637975288
DNS1396,92.50058516,-2.813922867
DNS1397,79.80715377,-2.685319844
DNS1398,98.37553778,-3.180978122
DNS1399,98.78222294,-1.859941257
DNS1400,96.48257683,-2.024282981
DNS1401,98.65781116,-2.181817072
DNS1402,59.47878397,-3.286659467
DNS1404,70.06440939,-3.691978035
DNS1405,99.34452208,-2.038572874
DNS1406,99.19051717,-1.67921533
DNS1407,94.02568746,-2.030605149
DNS1408,92.4550965,-1.980222687
DNS1409,89.43068052,-2.179140515
DNS1410,97.02663481,-3.512074222
DNS1411,73.35725228,-3.372748192
DNS1412,87.41398543,-2.376414426
DNS1413,56.18780175,-4.229665687
DNS1414,92.15554813,-3.116364418
DNS1415,98.27167905,-1.599692799
DNS1416,96.1395541,-1.845989899
DNS1417,98.17966714,-2.302816228
DNS1418,97.56287023,-2.005616869
DNS1419,84.13298865,-3.473643258
DNS1421,98.51503355,-2.356676068
DNS1423,94.56461612,-2.082255296
DNS1424,90.67320228,-1.485798593
DNS1425,97.25008926,-2.168538558
DNS1426,96.50226851,-3.5608734
DNS1427,74.02652676,-2.905537594
DNS1428,50,-4.729691786
DNS1429,87.70898529,-1.315234918
DNS1430,96.4026807,-2.911284939
DNS1431,96.40941349,-2.525862731
DNS1432,95.20916513,-3.090979986
DNS1433,98.72376476,-1.649930258
DNS1434,96.75330375,-1.900490128
DNS1435,96.7783385,-1.822439696
DNS1436,93.98586666,-1.830527396
DNS1437,85.17561417,-2.467352861
DNS1438,92.11205858,-1.914172242
DNS1439,68.58371035,-3.373598754
DNS1440,84.49920129,-3.369302857
DNS1441,95.11705539,-2.438629097
DNS1442,88.20234955,-3.363643831
DNS1443,82.15055076,-3.445084931
DNS1444,90.20324242,-2.248164376
DNS1445,84.12936266,-2.947386458
DNS1447,99.07567441,-2.01779846
DNS1448,93.71412608,-2.550532647
DNS1450,74.62892401,-2.242287111
DNS1451,93.66238903,-2.807872006
DNS1454,87.13018967,-2.520389306
DNS1455,30.2467105,-4.434401113
DNS1456,96.47199357,-1.57704774
DNS1457,96.66581376,-2.047081279
DNS1458,96.17020464,-1.758378182
DNS1459,96.99485386,-2.253738106
DNS1460,96.02537005,-2.476030144
DNS1461,85.56742612,-3.063370224
DNS1462,75.18787865,-3.116112727
DNS1463,96.04736145,-2.175013418
DNS1464,78.52190765,-3.385706171
DNS1465,83.28811527,-3.722500252
DNS1466,96.12146476,-1.629042158
DNS1467,97.41434629,-2.501746974
DNS1468,96.76747255,-2.197758841
DNS1469,82.82596902,-1.507781426
DNS1470,98.215266,-2.273236468
DNS1471,98.51025342,-1.299938265
DNS1474,74.41554225,-2.766735633
DNS1476,67.83411614,-3.268494401
DNS1478,86.82758159,-3.731669617
DNS1479,98.064731,-2.148417527
DNS1480,86.25823493,-3.027494396
DNS1481,95.90076224,-2.21759645
DNS1482,96.26036175,-2.052466962
DNS1483,92.25809428,-2.126997412
DNS1484,99.34019982,-1.370583525
DNS1485,65.5199625,-2.183113929
DNS1486,98.59567145,-2.831440905
DNS1487,96.01751204,-3.151055641
DNS1488,85.4381829,-1.639224878
DNS1490,97.82782243,-2.341619339
DNS1491,61.93336531,-3.483303292
DNS1492,97.5240231,-0.909001496
DNS1493,87.92463649,-2.06014415
DNS1494,90.80877937,-3.040608711
DNS1497,90.60599992,-3.903031626
DNS1498,98.64276397,-1.9475568
DNS1500,80.1028344,-3.085097998
DNS1501,90.45081206,-3.085668647
DNS1502,94.58094501,-2.160547619
DNS1503,34.83240325,-4.195338118
DNS1504,97.5993477,-3.200328673
DNS1505,97.45536144,-3.249266454
DNS1507,98.5083471,-1.912498135
DNS1509,83.63324141,-2.776119532
DNS1511,98.84607063,-2.191129928
DNS1513,88.57630714,-2.789891196
DNS1514,86.45559051,-4.097306785
DNS1515,81.52360601,-2.456434675
DNS1516,98.83217569,-2.484138509
DNS1517,98.05267138,-1.678978562
DNS1518,96.68385865,-2.521672447
DNS1519,97.78119383,-2.414133999
DNS1521,99.45886924,-0.919001829
DNS1522,90.37632316,-1.685247337
DNS1523,90.58513122,-1.976076188
DNS1524,97.53493874,-2.539293
DNS1526,95.91460592,-2.411775135
